Cleitn,servergroup
BL0SCM2ADBSA001.BL1ADCV1.ECLPTSC.ECLIPSNET.COM,BL_1_SCM-AO1
BL0SCM3ADBSS001.BL1ADCV1.ECLPTSC.ECLIPSNET.COM,BL_1_SCM-AO1
BL0SCM4ADBSS001.BL1ADCV1.ECLPTSC.ECLIPSNET.COM,BL_1_SCM-AO1
BL0SCM2ASESS001.BL2DSSV1.ECLPTSC.ECLIPSNET.COM,BL_3_SCM_APP1
BL0SCM2ASHCS001.BL1ADCV1.ECLPTSC.ECLIPSNET.COM,BL_3_SCM_APP1
BL0SCM3ASESS001.BL3DSSV1.ECLPTSC.ECLIPSNET.COM,BL_3_SCM_APP1
BL0SCM3ASHCS001.BL1ADCV1.ECLPTSC.ECLIPSNET.COM,BL_3_SCM_APP1
BL0SCM4ASESS001.BL4DSSV1.ECLPTSC.ECLIPSNET.COM,BL_3_SCM_APP1
BL0SCM4ASHCS001.BL1ADCV1.ECLPTSC.ECLIPSNET.COM,BL_3_SCM_APP1
BL0CPM2AWEBS001.BL1ADCV1.ECLPTSC.ECLIPSNET.COM,BL_4_SCM_APP2
BL0SCM2AFHRS001.BL1ADCV1.ECLPTSC.ECLIPSNET.COM,BL_4_SCM_APP2
BL0SCM2AOSAS001.BL1ADCV1.ECLPTSC.ECLIPSNET.COM,BL_4_SCM_APP2
BL0SCM2ASC2S001.BL1ADCV1.ECLPTSC.ECLIPSNET.COM,BL_4_SCM_APP2
BL0SCM2ASCSS001.BL1ADCV1.ECLPTSC.ECLIPSNET.COM,BL_4_SCM_APP2
BL0SCM2ASELS001.BL1ADCV1.ECLPTSC.ECLIPSNET.COM,BL_4_SCM_APP2
BL0SCM2ASHMS001.BL1ADCV1.ECLPTSC.ECLIPSNET.COM,BL_4_SCM_APP2
BL0SCM3ASC2S001.BL1ADCV1.ECLPTSC.ECLIPSNET.COM,BL_4_SCM_APP2
BL0SCM3ASCSS001.BL1ADCV1.ECLPTSC.ECLIPSNET.COM,BL_4_SCM_APP2
BL0SCM3ASHMS001.BL1ADCV1.ECLPTSC.ECLIPSNET.COM,BL_4_SCM_APP2
BL0SCM4ASC2S001.BL1ADCV1.ECLPTSC.ECLIPSNET.COM,BL_4_SCM_APP2
BL0SCM4ASCSS001.BL1ADCV1.ECLPTSC.ECLIPSNET.COM,BL_4_SCM_APP2
BL0SCM4ASELS001.BL1ADCV1.ECLPTSC.ECLIPSNET.COM,BL_4_SCM_APP2
BL0SCM4ASHMS001.BL1ADCV1.ECLPTSC.ECLIPSNET.COM,BL_4_SCM_APP2
BL0SCM2ADBSA002.BL1ADCV1.ECLPTSC.ECLIPSNET.COM,BL_SCM-AO2
RW2FPR1.RW1ADCV1.ECLPTSC.ECLIPSNET.COM,RW_1_SCM-AO1
RW3FPR1.RW1ADCV1.ECLPTSC.ECLIPSNET.COM,RW_1_SCM-DB1
RW4FPR1.RW1ADCV1.ECLPTSC.ECLIPSNET.COM,RW_1_SCM-DB1
RW2EAJ1.RW1ADCV1.ECLPTSC.ECLIPSNET.COM,RW_1_SUN-CO-DB1
RW2EBO1.RW1ADCV1.ECLPTSC.ECLIPSNET.COM,RW_1_SUN-CO-DB1
RW2EIH1.RW1ADCV1.ECLPTSC.ECLIPSNET.COM,RW_1_SUN-CO-DB1
RW2EMD1.RW1ADCV1.ECLPTSC.ECLIPSNET.COM,RW_1_SUN-CO-DB1
RW2EUD1.RW1ADCV1.ECLPTSC.ECLIPSNET.COM,RW_1_SUN-CO-DB1
RW4EIH1.RW1ADCV1.ECLPTSC.ECLIPSNET.COM,RW_1_SUN-CO-DB1
RW2EAK1.RW1ADCV1.ECLPTSC.ECLIPSNET.COM,RW_3_SCM_APP1
RW2ESS1.RW2ESSV1.ECLPTSC.ECLIPSNET.COM,RW_3_SCM_APP1
RW2FAF1.RW1ADCV1.ECLPTSC.ECLIPSNET.COM,RW_3_SCM_APP1
RW2FSS1.RW2ESSV1.ECLPTSC.ECLIPSNET.COM,RW_3_SCM_APP1
RW3FAF1.RW1ADCV1.ECLPTSC.ECLIPSNET.COM,RW_3_SCM_APP1
RW3FSS1.RW3ESSV1.ECLPTSC.ECLIPSNET.COM,RW_3_SCM_APP1
RW4FAF1.RW1ADCV1.ECLPTSC.ECLIPSNET.COM,RW_3_SCM_APP1
RW4FSS1.RW4ESSV1.ECLPTSC.ECLIPSNET.COM,RW_3_SCM_APP1
RW2DYC1.RW1ADCV1.ECLPTSC.ECLIPSNET.COM,RW_3_SUN-CO-APP1
RW2EBM1.RW1ADCV1.ECLPTSC.ECLIPSNET.COM,RW_3_SUN-CO-APP1
RW2EBP1.RW1ADCV1.ECLPTSC.ECLIPSNET.COM,RW_3_SUN-CO-APP1
RW2EIP1.RW1ADCV1.ECLPTSC.ECLIPSNET.COM,RW_3_SUN-CO-APP1
RW2EMA1.RW1ADCV1.ECLPTSC.ECLIPSNET.COM,RW_3_SUN-CO-APP1
RW2EPH1.RW1ADCV1.ECLPTSC.ECLIPSNET.COM,RW_3_SUN-CO-APP1
RW2EUP1.RW1ADCV1.ECLPTSC.ECLIPSNET.COM,RW_3_SUN-CO-APP1
RW2GDT1.RW1ADCV1.ECLPTSC.ECLIPSNET.COM,RW_3_SUN-CO-APP1
RW3EPH1.RW1ADCV1.ECLPTSC.ECLIPSNET.COM,RW_3_SUN-CO-APP1
RW4EIP1.RW1ADCV1.ECLPTSC.ECLIPSNET.COM,RW_3_SUN-CO-APP1
RW4GDT1.RW1ADCV1.ECLPTSC.ECLIPSNET.COM,RW_3_SUN-CO-APP1
RW0UNY2AWEBS001.RW1ADCV1.ECLPTSC.ECLIPSNET.COM,RW_4_SCM_APP2
RW2FAO1.RW1ADCV1.ECLPTSC.ECLIPSNET.COM,RW_4_SCM_APP2
RW2FC21.RW1ADCV1.ECLPTSC.ECLIPSNET.COM,RW_4_SCM_APP2
RW2FC31.RW1ADCV1.ECLPTSC.ECLIPSNET.COM,RW_4_SCM_APP2
RW2FCS1.RW1ADCV1.ECLPTSC.ECLIPSNET.COM,RW_4_SCM_APP2
RW2FEL1.RW1ADCV1.ECLPTSC.ECLIPSNET.COM,RW_4_SCM_APP2
RW2FFH1.RW1ADCV1.ECLPTSC.ECLIPSNET.COM,RW_4_SCM_APP2
RW2FHC1.RW1ADCV1.ECLPTSC.ECLIPSNET.COM,RW_4_SCM_APP2
RW2FMM1.RW1ADCV1.ECLPTSC.ECLIPSNET.COM,RW_4_SCM_APP2
RW2FSH1.RW1ADCV1.ECLPTSC.ECLIPSNET.COM,RW_4_SCM_APP2
RW2FWS1.RW1ADCV1.ECLPTSC.ECLIPSNET.COM,RW_4_SCM_APP2
RW3FC21.RW1ADCV1.ECLPTSC.ECLIPSNET.COM,RW_4_SCM_APP2
RW3FC31.RW1ADCV1.ECLPTSC.ECLIPSNET.COM,RW_4_SCM_APP2
RW3FCS1.RW1ADCV1.ECLPTSC.ECLIPSNET.COM,RW_4_SCM_APP2
RW3FHC1.RW1ADCV1.ECLPTSC.ECLIPSNET.COM,RW_4_SCM_APP2
RW3FSH1.RW1ADCV1.ECLPTSC.ECLIPSNET.COM,RW_4_SCM_APP2
RW4FC21.RW1ADCV1.ECLPTSC.ECLIPSNET.COM,RW_4_SCM_APP2
RW4FC31.RW1ADCV1.ECLPTSC.ECLIPSNET.COM,RW_4_SCM_APP2
RW4FCS1.RW1ADCV1.ECLPTSC.ECLIPSNET.COM,RW_4_SCM_APP2
RW4FEL1.RW1ADCV1.ECLPTSC.ECLIPSNET.COM,RW_4_SCM_APP2
RW4FHC1.RW1ADCV1.ECLPTSC.ECLIPSNET.COM,RW_4_SCM_APP2
RW4FMM1.RW1ADCV1.ECLPTSC.ECLIPSNET.COM,RW_4_SCM_APP2
RW4FSH1.RW1ADCV1.ECLPTSC.ECLIPSNET.COM,RW_4_SCM_APP2
RW2GDT2.RW1ADCV1.ECLPTSC.ECLIPSNET.COM,RW_4_SUN-CO-APP2
RW2DYA2.RW1ADCV1.ECLPTSC.ECLIPSNET.COM,RW_5_SUN-CO-APP3
RW2GDT3.RW1ADCV1.ECLPTSC.ECLIPSNET.COM,RW_5_SUN-CO-APP3
RW2GDW1.RW1ADCV1.ECLPTSC.ECLIPSNET.COM,RW_5_SUN-CO-APP3
RW4GDW1.RW1ADCV1.ECLPTSC.ECLIPSNET.COM,RW_5_SUN-CO-APP3
RW2DYN1.RW1ADCV1.ECLPTSC.ECLIPSNET.COM,RW_6_SUN-CO-APP4
RW2GDW2.RW1ADCV1.ECLPTSC.ECLIPSNET.COM,RW_6_SUN-CO-APP4
RW3DYN1.RW1ADCV1.ECLPTSC.ECLIPSNET.COM,RW_6_SUN-CO-APP4
RW2FPR2.RW1ADCV1.ECLPTSC.ECLIPSNET.COM,RW_SCM-AO2
